"county_name": "Stewart",
        "Country": "United States",
        "lat": "32.0487",
        "lng": "-84.7981",
        "population": "815",
        "density": "199.2",
        "source": "shape",
        "military": "FALSE",
        "incorporated": "TRUE",
        "timezone": "America/New_York",
        "ranking": "3",
        "zips": "31815",
        "id": "1840015832"
    },
    {
        "city": "Thornton",
        "city_ascii": "Thornton",
        "state_id": "CA",
        "state_name": "California",
        "county_fips": "6077",
        "county_name": "San Joaquin",
        "Country": "United States",
        "lat": "38.2309",
        "lng": "-121.4249",
        "population": "815",
        "density": "147.5",
        "source": "shape",
        "military": "FALSE",
        "incorporated": "FALSE",
        "timezone": "America/Los_Angeles",
        "ranking": "3",
        "zips": "95632 95686",
        "id": "1840026770"
    },
    {
        "city": "Garnavillo",
        "city_ascii": "Garnavillo",
        "state_id": "IA",
        "state_name": "Iowa",
        "county_fips": "19043",
        "county_name": "Clayton",
        "Country": "United States",
        "lat": "42.8667",
        "lng": "-91.2362",
        "population": "815",
        "density": "333.5",
        "source": "shape",
        "military": "FALSE",
        "incorporated": "TRUE",
        "timezone": "America/Chicago",
        "ranking": "3",
        "zips": "52049",
        "id": "1840008013"
    },
    {
        "city": "Guernsey",
        "city_ascii": "Guernsey",
        "state_id": "WY",
        "state_name": "Wyoming",
        "county_fips": "56031",
        "county_name": "Platte",
        "Country": "United States",
        "lat": "42.2656",
        "lng": "-104.743",
        "population": "815",
        "density": "307.9",
        "source": "shape",
        "military": "FALSE",
        "incorporated": "TRUE",
        "timezone": "America/Denver",
        "ranking": "3",
        "zips": "82214 82201",
        "id": "1840021307"
    },
    {
        "city": "Sand Rock",
        "city_ascii": "Sand Rock",
        "state_id": "AL",
        "state_name": "Alabama",
        "county_fips": "1019",
        "county_name": "Cherokee",
        "Country": "United States",
        "lat": "34.2312",
        "lng": "-85.7704",
        "population": "815",
        "density": "62",
        "source": "shape",
        "military": "FALSE",
        "incorporated": "TRUE",
        "timezone": "America/Chicago",
        "ranking": "3",
        "zips": "35983",
        "id": "1840017941"
    },
    {
        "city": "Newland",
        "city_ascii": "Newland",
        "state_id": "NC",
        "state_name": "North Carolina",
        "county_fips": "37011",
        "county_name": "Avery",
        "Country": "United States",
        "lat": "36.088",
        "lng": "-81.9274",
        "population": "815",
        "density": "420.8",
        "source": "shape",
        "military": "FALSE",
        "incorporated": "TRUE",
        "timezone": "America/New_York",
        "ranking": "3",
        "zips": "28657",
        "id": "1840016115"
    },
    {
        "city": "Petaluma Center",
        "city_ascii": "Petaluma Center",
        "state_id": "CA",
        "state_name": "California",
        "county_fips": "6097",
        "county_name": "Sonoma",
        "Country": "United States",
        "lat": "38.2506",
        "lng": "-122.7888",
        "population": "815",
        "density": "268.2",
        "source": "shape",
        "military": "TRUE",
        "incorporated": "FALSE",
        "timezone": "America/Los_Angeles",
        "ranking": "3",
        "zips": "94952",
        "id": "1840153154"
    },
    {
        "city": "Monterey Park",
        "city_ascii": "Monterey Park",
        "state_id": "NM",
        "state_name": "New Mexico",
        "county_fips": "35061",
        "county_name": "Valencia",
        "Country": "United States",
        "lat": "34.7511",
        "lng": "-106.653",
        "population": "814",
        "density": "118.8",
        "source": "shape",
        "military": "FALSE",
        "incorporated": "FALSE",
        "timezone": "America/Denver",
        "ranking": "3",
        "zips": "87031",
        "id": "1840033727"
    },
    {
        "city": "Rocky Hill",
        "city_ascii": "Rocky Hill",
        "state_id": "NJ",
        "state_name": "New Jersey",
        "county_fips": "34035",
        "county_name": "Somerset",
        "Country": "United States",
        "lat": "40.4001",
        "lng": "-74.6405",
        "population": "814",
        "density": "515.6",
        "source": "shape",
        "military": "FALSE",
        "incorporated": "TRUE",
        "timezone": "America/New_York",
        "ranking": "3",
        "zips": "8553",
        "id": "1840001055"
    },
    {
        "city": "Hartford",
        "city_ascii": "Hartford",
        "state_id": "IA",
        "state_name": "Iowa",
        "county_fips": "19181",
        "county_name": "Warren",
        "Country": "United States",
        "lat": "41.4577",
        "lng": "-93.4038",
        "population": "814",
        "density": "288.9",
        "source": "shape",
        "military": "FALSE",
        "incorporated": "TRUE",
        "timezone": "America/Chicago",
        "ranking": "3",
        "zips": "50118 50047",
        "id": "1840007106"
    },
    {
        "city": "Mescalero",
        "city_ascii": "Mescalero",
        "state_id": "NM",
        "state_name": "New Mexico",
        "county_fips": "35035",
        "county_name": "Otero",
        "Country": "United States",
        "lat": "33.1448",
        "lng": "-105.7897",
        "population": "814",
        "density": "17.6",
        "source": "shape",
        "military": "FALSE",
        "incorporated": "FALSE",
        "timezone": "America/Denver",
        "ranking": "3",
        "zips": "88340",
        "id": "1840019401"
    },
    {
        "city": "Buffalo",
        "city_ascii": "Buffalo",
        "state_id": "IN",
        "state_name": "Indiana",
        "county_fips": "18181",
        "county_name": "White",
        "Country": "United States",
        "lat": "40.888",
        "lng": "-86.7374",
        "population": "814",
        "density": "132.5",
        "source": "shape",
        "military": "FALSE",
        "incorporated": "FALSE",
        "timezone": "America/Indiana/Indianapolis",
        "ranking": "3",
        "zips": "47960 47925",
        "id": "1840005346"
    },
    {
        "city": "Keefton",
        "city_ascii": "Keefton",
        "state_id": "OK",
        "state_name": "Oklahoma",
        "county_fips": "40101",
        "county_name": "Muskogee",
        "Country": "United States",
        "lat": "35.5772",
        "lng": "-95.3065",
        "population": "813",
        "density": "15.9",
        "source": "shape",
        "military": "FALSE",
        "incorporated": "FALSE",
        "timezone": "America/Chicago",
        "ranking": "4",
        "zips": "74403",
        "id": "1840034456"
    },
    {
        "city": "Leesburg",
        "city_ascii": "Leesburg",
        "state_id": "AL",
        "state_name": "Alabama",
        "county_fips": "1019",
        "county_name": "Cherokee",
        "Country": "United States",
        "lat": "34.1839",
        "lng": "-85.775",
        "population": "813",
        "density": "49.8",
        "source": "shape",
        "military": "FALSE",
        "incorporated": "TRUE",
        "timezone": "America/Chicago",
        "ranking": "3",
        "zips": "35983",
        "id": "1840016636"
    },
    {
        "city": "Perryville",
        "city_ascii": "Perryville",
        "state_id": "KY",
        "state_name": "Kentucky",
        "county_fips": "21021",
        "county_name": "Boyle",
        "Country": "United States",
        "lat": "37.6494",
        "lng": "-84.9513",
        "population": "813",
        "density": "401.9",
        "source": "shape",
        "military": "FALSE",
        "incorporated": "TRUE",
        "timezone": "America/New_York",
        "ranking": "3",
        "zips": "40468",
        "id": "1840014355"
    },
    {
        "city": "Maplesville",
        "city_ascii": "Maplesville",
        "state_id": "AL",
        "state_name": "Alabama",
        "county_fips": "1021",
        "county_name": "Chilton",
        "Country": "United States",
        "lat": "32.7867",
        "lng": "-86.8783",
        "population": "813",
        "density": "91.4",
        "source": "shape",
        "military": "FALSE",
        "incorporated": "TRUE",
        "timezone": "America/Chicago",
        "ranking": "3",
        "zips": "36750",
        "id": "1840016919"
    },
    {
        "city": "Donnellson",
        "city_ascii": "Donnellson",
        "state_id": "IA",
        "state_name": "Iowa",
        "county_fips": "19111",
        "county_name": "Lee",
        "Country": "United States",
        "lat": "40.6453",
        "lng": "-91.5641",
        "population": "813",
        "density": "246.6",
        "source": "shape",
        "military": "FALSE",
        "incorporated": "TRUE",
        "timezone": "America/Chicago",
        "ranking": "3",
        "zips": "52625",
        "id": "1840007205"
    },
    {
        "city": "Point Blank",
        "city_ascii": "Point Blank",
        "state_id": "TX",
        "state_name": "Texas",
        "county_fips": "48407",
        "county_name": "San Jacinto",
        "Country": "United States",
        "lat": "30.7473",
        "lng": "-95.2163",
        "population": "813",
        "density": "155.2",
        "source": "shape",
        "military": "FALSE",
        "incorporated": "TRUE",
        "timezone": "America/Chicago",
        "ranking": "4",
        "zips": "77364",
        "id": "1840037407"
    },
    {
        "city": "Vader",
        "city_ascii": "Vader",
        "state_id": "WA",
        "state_name": "Washington",
        "county_fips": "53041",
        "county_name": "Lewis",
        "Country": "United States",
        "lat": "46.4046",
        "lng": "-122.9569",
        "population": "813",
        "density": "337.9",
        "source": "shape",
        "military": "FALSE",
        "incorporated": "TRUE",
        "timezone": "America/Los_Angeles",
        "ranking": "3",
        "zips": "98593 98596",
        "id": "1840021163"
    },
    {
        "city": "Morrisdale",
        "city_ascii": "Morrisdale",
        "state_id": "PA",
        "state_name": "Pennsylvania",
        "county_fips": "42033",
        "county_name": "Clearfield",
        "Country": "United States",
        "lat": "40.9484",
        "lng": "-78.2277",
        "population": "813",
        "density": "186.4",
        "source": "shape",
        "military": "FALSE",
        "incorporated": "FALSE",
        "timezone": "America/New_York",
        "ranking": "3",
        "zips": "16858",
        "id": "1840026359"
    },
    {
        "city": "The Cliffs Valley",
        "city_ascii": "The Cliffs Valley",
        "state_id": "SC",
        "state_name": "South Carolina",
        "county_fips": "45045",
        "county_name": "Greenville",
        "Country": "United States",
        "lat": "35.1458",
        "lng": "-82.4481",
        "population": "813",
        "density": "48.6",
        "source": "shape",
        "military": "FALSE",
        "incorporated": "FALSE",
        "timezone": "America/New_York",
        "ranking": "3",
        "zips": "29690",
        "id": "1840147797"
    },
    {
        "city": "Saucier",
        "city_ascii": "Saucier",
        "state_id": "MS",
        "state_name": "Mississippi",
        "county_fips": "28047",
        "county_name": "Harrison",
        "Country": "United States",
        "lat": "30.6237",
        "lng": "-89.1432",
        "population": "813",
        "density": "45.2",
        "source": "shape",
        "military": "FALSE",
        "incorporated": "FALSE",
        "timezone": "America/Chicago",
        "ranking": "3",
        "zips": "39574",
        "id": "1840013945"
    },
    {
        "city": "Granite",
        "city_ascii": "Granite",
        "state_id": "UT",
        "state_name": "Utah",
        "county_fips": "49035",
        "county_name": "Salt Lake",
        "Country": "United States",
        "lat": "40.5686",
        "lng": "-111.8011",
        "population": "813",
        "density": "305.1",
        "source": "shape",
        "military": "FALSE",
        "incorporated": "FALSE",
        "timezone": "America/Denver",
        "ranking": "3",
        "zips": "84092",
        "id": "1840037156"
    },
    {
        "city": "Kivalina",
        "city_ascii": "Kivalina",
        "state_id": "AK",
        "state_name": "Alaska",
        "county_fips": "2188",
        "county_name": "Northwest Arctic",
        "Country": "United States",
        "lat": "67.733",
        "lng": "-164.5212",
        "population": "813",
        "density": "192.4",
        "source": "shape",
        "military": "FALSE",
        "incorporated": "TRUE",
        "timezone": "America/Nome",
        "ranking": "3",
        "zips": "99750",
        "id": "1840023492"
    },
    {
        "city": "Olympian Village",
        "city_ascii": "Olympian Village",
        "state_id": "MO",
        "state_name": "Missouri",
        "county_fips": "29099",
        "county_name": "Jefferson",
        "Country": "United States",
        "lat": "38.1347",
        "lng": "-90.4582",
        "population": "812",
        "density": "601.9",
        "source": "shape",
        "military": "FALSE",
        "incorporated": "TRUE",
        "timezone": "America/Chicago",
        "ranking": "3",
        "zips": "63020",
        "id": "1840009809"
    },
    {
        "city": "Alliance",
        "city_ascii": "Alliance",
        "state_id": "NC",
        "state_name": "North Carolina",
        "county_fips": "37137",
        "county_name": "Pamlico",
        "Country": "United States",
        "lat": "35.1434",
        "lng": "-76.8084",
        "population": "812",
        "density": "150.3",
        "source": "shape",
        "military": "FALSE",
        "incorporated": "TRUE",
        "timezone": "America/New_York",
        "ranking": "3",
        "zips": "28515 28509 28529",
        "id": "1840015468"
    },
    {
        "city": "Schurz",
        "city_ascii": "Schurz",
        "state_id": "NV",
        "state_name": "Nevada",
        "county_fips": "32021",
        "county_name": "Mineral",
        "Country": "United States",
        "lat": "38.9673",
        "lng": "-118.824",
        "population": "812",
        "density": "27.9",
        "source": "shape",
        "military": "FALSE",
        "incorporated": "FALSE",
        "timezone": "America/Los_Angeles",
        "ranking": "3",
        "zips": "89427",
        "id": "1840018828"
    },
    {
        "city": "Bromley",
        "city_ascii": "Bromley",
        "state_id": "KY",
        "state_name": "Kentucky",
        "county_fips": "21117",
        "county_name": "Kenton",
        "Country": "United States",
        "lat": "39.0801",
        "lng": "-84.5629",
        "population": "812",
        "density": "863.6",
        "source": "shape",
        "military": "FALSE",
        "incorporated": "TRUE",
        "timezone": "America/New_York",
        "ranking": "3",
        "zips": "41017 41016",
        "id": "1840013172"
    },
    {
        "city": "Manville",
        "city_ascii": "Manville",
        "state_id": "SC",
        "state_name": "South Carolina",
        "county_fips": "45061",
        "county_name": "Lee",
        "Country": "United States",
        "lat": "34.1597",
        "lng": "-80.2974",
        "population": "812",
        "density": "115.3",
        "source": "shape",
        "military": "FALSE",
        "incorporated": "FALSE",
        "timezone": "America/New_York",
        "ranking": "3",
        "zips": "29010",
        "id": "1840107429"
    },
    {
        "city": "Natrona",
        "city_ascii": "Natrona",
        "state_id": "PA",
        "state_name": "Pennsylvania",
        "county_fips": "42003",
        "county_name": "Allegheny",
        "Country": "United States",
        "lat": "40.6145",
        "lng": "-79.7195",
        "population": "812",
        "density": "759.1",
        "source": "point",
        "military": "FALSE",
        "incorporated": "FALSE",
        "timezone": "America/New_York",
        "ranking": "4",
        "zips": "15065",
        "id": "1840100518"
    },
    {
        "city": "Milltown",
        "city_ascii": "Milltown",
        "state_id": "IN",
        "state_name": "Indiana",
        "county_fips": "18025",
        "county_name": "Crawford",
        "Country": "United States",
        "lat": "38.3421",
        "lng": "-86.2754",
        "population": "811",
        "density": "234.9",
        "source": "shape",
        "military": "FALSE",
        "incorporated": "TRUE",
        "timezone": "America/Kentucky/Louisville",
        "ranking": "3",
        "zips": "47145 47115",
        "id": "1840009819"
    },
    {
        "city": "Harmony",
        "city_ascii": "Harmony",
        "state_id": "NC",
        "state_name": "North Carolina",
        "county_fips": "37097",
        "county_name": "Iredell",
        "Country": "United States",
        "lat": "35.959",
        "lng": "-80.7735",
        "population": "811",
        "density": "230.8",
        "source": "shape",
        "military": "FALSE",
        "incorporated": "TRUE",
        "timezone": "America/New_York",
        "ranking": "3",
        "zips": "28634",
        "id": "1840016216"
    },
    {
        "city": "Brooklyn",
        "city_ascii": "Brooklyn",
        "state_id": "IL",
        "state_name": "Illinois",
        "county_fips": "17163",
        "county_name": "St. Clair",
        "Country": "United States",
        "lat": "38.6542",
        "lng": "-90.1679",
        "population": "811",
        "density": "386",
        "source": "shape",
        "military": "FALSE",
        "incorporated": "TRUE",
        "timezone": "America/Chicago",
        "ranking": "3",
        "zips": "62059 62201",
        "id": "1840010780"
    },
    {
        "city": "Oak Ridge",
        "city_ascii": "Oak Ridge",
        "state_id": "TX",
        "state_name": "Texas",
        "county_fips": "48257",
        "county_name": "Kaufman",
        "Country": "United States",
        "lat": "32.6478",
        "lng": "-96.2596",
        "population": "811",
        "density": "84.6",
        "source": "shape",
        "military": "FALSE",
        "incorporated": "TRUE",
        "timezone": "America/Chicago",
        "ranking": "3",
        "zips": "75142 75161",
        "id": "1840023036"
    },
    {
        "city": "Remington",
        "city_ascii": "Remington",
        "state_id": "VA",
        "state_name": "Virginia",
        "county_fips": "51061",
        "county_name": "Fauquier",
        "Country": "United States",
        "lat": "38.5346",
        "lng": "-77.8083",
        "population": "811",
        "density": "545.3",
        "source": "shape",
        "military": "FALSE",
        "incorporated": "TRUE",
        "timezone": "America/New_York",
        "ranking": "3",
        "zips": "22734",
        "id": "1840006056"
    },
    {
        "city": "Avoca",
        "city_ascii": "Avoca",
        "state_id": "AR",
        "state_name": "Arkansas",
        "county_fips": "5007",
        "county_name": "Benton",
        "Country": "United States",
        "lat": "36.398",
        "lng": "-94.071",
        "population": "811",
        "density": "162.2",
        "source": "shape",
        "military": "FALSE",
        "incorporated": "TRUE",
        "timezone": "America/Chicago",
        "ranking": "3",
        "zips": "72756",
        "id": "1840015286"
    },
    {
        "city": "Alleghenyville",
        "city_ascii": "Alleghenyville",
        "state_id": "PA",
        "state_name": "Pennsylvania",
        "county_fips": "42011",
        "county_name": "Berks",
        "Country": "United States",
        "lat": "40.2327",
        "lng": "-75.9762",
        "population": "811",
        "density": "119.9",
        "source": "shape",
        "military": "FALSE",
        "incorporated": "FALSE",
        "timezone": "America/New_York",
        "ranking": "3",
        "zips": "19540",
        "id": "1840034841"
    },
    {
        "city": "Inkom",
        "city_ascii": "Inkom",
        "state_id": "ID",
        "state_name": "Idaho",
        "county_fips": "16005",
        "county_name": "Bannock",
        "Country": "United States",
        "lat": "42.7955",
        "lng": "-112.2448",
        "population": "810",
        "density": "327.2",
        "source": "shape",
        "military": "FALSE",
        "incorporated": "TRUE",
        "timezone": "America/Boise",
        "ranking": "3",
        "zips": "83245",
        "id": "1840018669"
    },
    {
        "city": "Dorris",
        "city_ascii": "Dorris",
        "state_id": "CA",
        "state_name": "California",
        "county_fips": "6093",
        "county_name": "Siskiyou",
        "Country": "United States",
        "lat": "41.9644",
        "lng": "-121.9205",
        "population": "810",
        "density": "445.2",
        "source": "shape",
        "military": "FALSE",
        "incorporated": "TRUE",
        "timezone": "America/Los_Angeles",
        "ranking": "3",
        "zips": "96023",
        "id": "1840018696"
    },
    {
        "city": "Freeburg",
        "city_ascii": "Freeburg",
        "state_id": "PA",
        "state_name": "Pennsylvania",
        "county_fips": "42109",
        "county_name": "Snyder",
        "Country": "United States",
        "lat": "40.7625",
        "lng": "-76.9408",
        "population": "810",
        "density": "560.8",
        "source": "shape",
        "military": "FALSE",
        "incorporated": "TRUE",
        "timezone": "America/New_York",
        "ranking": "3",
        "zips": "17827",
        "id": "1840002796"
    },
    {
        "city": "Morrison",
        "city_ascii": "Morrison",
        "state_id": "TN",
        "state_name": "Tennessee",
        "county_fips": "47177",
        "county_name": "Warren",
        "Country": "United States",
        "lat": "35.6048",
        "lng": "-85.9117",
        "population": "810",
        "density": "104.6",
        "source": "shape",
        "military": "FALSE",
        "incorporated": "TRUE",
        "timezone": "America/Chicago",
        "ranking": "3",
        "zips": "37357",
        "id": "1840016269"
    },
    {
        "city": "Shueyville",
        "city_ascii": "Shueyville",
        "state_id": "IA",
        "state_name": "Iowa",
        "county_fips": "19103",
        "county_name": "Johnson",
        "Country": "United States",
        "lat": "41.8462",
        "lng": "-91.6513",
        "population": "810",
        "density": "167.8",
        "source": "shape",
        "military": "FALSE",
        "incorporated": "TRUE",
        "timezone": "America/Chicago",
        "ranking": "3",
        "zips": "52338",
        "id": "1840009228"
    },
    {
        "city": "McKee",
        "city_ascii": "McKee",
        "state_id": "KY",
        "state_name": "Kentucky",
        "county_fips": "21109",
        "county_name": "Jackson",
        "Country": "United States",
        "lat": "37.43",
        "lng": "-83.9859",
        "population": "810",
        "density": "130",
        "source": "shape",
        "military": "FALSE",
        "incorporated": "TRUE",
        "timezone": "America/New_York",
        "ranking": "3",
        "zips": "40447",
        "id": "1840015243"
    },
    {
        "city": "Kendall",
        "city_ascii": "Kendall",
        "state_id": "WA",
        "state_name": "Washington",
        "county_fips": "53073",
        "county_name": "Whatcom",
        "Country": "United States",
        "lat": "48.9156",
        "lng": "-122.1336",
        "population": "810",
        "density": "113.8",
        "source": "shape",
        "military": "FALSE",
        "incorporated": "FALSE",
        "timezone": "America/Los_Angeles",
        "ranking": "3",
        "zips": "98244 98266",
        "id": "1840017293"
    },
    {
        "city": "Horine",
        "city_ascii": "Horine",
        "state_id": "MO",
        "state_name": "Missouri",
        "county_fips": "29099",
        "county_name": "Jefferson",
        "Country": "United States",
        "lat": "38.2669",
        "lng": "-90.4325",
        "population": "809",
        "density": "438.5",
        "source": "shape",
        "military": "FALSE",
        "incorporated": "FALSE",
        "timezone": "America/Chicago",
        "ranking": "3",
        "zips": "63070",
        "id": "1840006234"
    },
    {
        "city": "Houck",
        "city_ascii": "Houck",
        "state_id": "AZ",
        "state_name": "Arizona",
        "county_fips": "4001",
        "county_name": "Apache",
        "Country": "United States",
        "lat": "35.2714",
        "lng": "-109.2237",
        "population": "809",
        "density": "7.4",
        "source": "shape",
        "military": "FALSE",
        "incorporated": "FALSE",
        "timezone": "America/Denver",
        "ranking": "3",
        "zips": "86506",
        "id": "1840017677"
    },
    {
        "city": "South Point",
        "city_ascii": "South Point",
        "state_id": "TX",
        "state_name": "Texas",
        "county_fips": "48061",
        "county_name": "Cameron",
        "Country": "United States",
        "lat": "25.8729",
        "lng": "-97.383",
        "population": "809",
        "density": "222.1",
        "source": "shape",
        "military": "FALSE",
        "incorporated": "FALSE",
        "timezone": "America/Chicago",
        "ranking": "3",
        "zips": "78521",
        "id": "1840037080"
    },
    {
        "city": "Viburnum",
        "city_ascii": "Viburnum",
        "state_id": "MO",
        "state_name": "Missouri",
        "county_fips": "29093",
        "county_name": "Iron",
        "Country": "United States",
        "lat": "37.7149",
        "lng": "-91.1295",
        "population": "809",
        "density": "182",
        "source": "shape",
        "military": "FALSE",
        "incorporated": "TRUE",
        "timezone": "America/Chicago",
        "ranking": "3",
        "zips": "65566",
        "id": "1840010855"
    },
    {
        "city": "Uniontown",
        "city_ascii": "Uniontown",
        "state_id": "KY",
        "state_name": "Kentucky",
        "county_fips": "21225",
        "county_name": "Union",
        "Country": "United States",
        "lat": "37.7732",
        "lng": "-87.9318",
        "population": "809",
        "density": "367.3",
        "source": "shape",
        "military": "FALSE",
        "incorporated": "TRUE",
        "timezone": "America/Chicago",
        "ranking": "3",
        "zips": "42461",
        "id": "1840015228"
    },
    {
        "city": "Villa Hugo I",
        "city_ascii": "Villa Hugo I",
        "state_id": "PR",
        "state_name": "Puerto Rico",
        "county_fips": "72029",
        "county_name": "Canóvanas",
        "Country": "United States",
        "lat": "18.3976",
        "lng": "-65.8908",
        "population": "809",
        "density": "3275.3",
        "source": "shape",
        "military": "FALSE",
        "incorporated": "FALSE",
        "timezone": "America/Puerto_Rico",
        "ranking": "2",
        "zips": "729",
        "id": "1630149260"
    },
    {
        "city": "Sunset Village",
        "city_ascii": "Sunset Village",
        "state_id": "GA",
        "state_name": "Georgia",
        "county_fips": "13293",
        "county_name": "Upson",
        "Country": "United States",
        "lat": "32.8946",
        "lng": "-84.4057",
        "population": "809",
        "density": "65.1",
        "source": "shape",
        "military": "FALSE",
        "incorporated": "FALSE",
        "timezone": "America/New_York",
        "ranking": "3",
        "zips": "30286",
        "id": "1840013796"
    },
    {
        "city": "Rio Grande",
        "city_ascii": "Rio Grande",
        "state_id": "OH",
        "state_name": "Ohio",
        "county_fips": "39053",
        "county_name": "Gallia",
        "Country": "United States",
        "lat": "38.8797",
        "lng": "-82.3791",
        "population": "808",
        "density": "226.9",
        "source": "shape",
        "military": "FALSE",
        "incorporated": "TRUE",
        "timezone": "America/New_York",
        "ranking": "3",
        "zips": "45614 45674",
        "id": "1840012776"
    },
    {
        "city": "Beaverdale",
        "city_ascii": "Beaverdale",
        "state_id": "PA",
        "state_name": "Pennsylvania",
        "county_fips": "42021",
        "county_name": "Cambria",
        "Country": "United States",
        "lat": "40.3242",
        "lng": "-78.7014",
        "population": "808",
        "density": "139.9",
        "source": "shape",
        "military": "FALSE",
        "incorporated": "FALSE",
        "timezone": "America/New_York",
        "ranking": "3",
        "zips": "15955 15921",
        "id": "1840034861"
    },
    {
        "city": "Bude",
        "city_ascii": "Bude",
        "state_id": "MS",
        "state_name": "Mississippi",
        "county_fips": "28037",
        "county_name": "Franklin",
        "Country": "United States",
        "lat": "31.463",
        "lng": "-90.8509",
        "population": "808",
        "density": "218.9",
        "source": "shape",
        "military": "FALSE",
        "incorporated": "TRUE",
        "timezone": "America/Chicago",
        "ranking": "3",
        "zips": "39630",
        "id": "1840015862"
    },
    {
        "city": "Miller",
        "city_ascii": "Miller",
        "state_id": "MO",
        "state_name": "Missouri",
        "county_fips": "29109",
        "county_name": "Lawrence",
        "Country": "United States",
        "lat": "37.2148",
        "lng": "-93.8405",
        "population": "808",
        "density": "407",
        "source": "shape",
        "military": "FALSE",
        "incorporated": "TRUE",
        "timezone": "America/Chicago",
        "ranking": "3",
        "zips": "65707",
        "id": "1840008781"
    },
    {
        "city": "Agency",
        "city_ascii": "Agency",
        "state_id": "MO",
        "state_name": "Missouri",
        "county_fips": "29021",
        "county_name": "Buchanan",
        "Country": "United States",
        "lat": "39.6699",
        "lng": "-94.7587",
        "population": "808",
        "density": "84.7",
        "source": "shape",
        "military": "FALSE",
        "incorporated": "TRUE",
        "timezone": "America/Chicago",
        "ranking": "3",
        "zips": "64401 64507",
        "id": "1840010601"
    },
